{"cameraMode":{"drawMode":0,"name":"Shaded","section":"Shading Mode"},"sceneLighting":true,"audioPlay":false,"sceneViewState":{"showFog":true,"showMaterialUpdate":false,"showSkybox":true,"showFlares":true,"showImageEffects":true,"showParticleSystems":true},"in2DMode":false,"pivot":{"x":-2280.78955078125,"y":-883.5447998046875,"z":542.7124633789063},"rotation":{"x":0.4440631866455078,"y":0.44856786727905276,"z":-0.2745974659919739,"w":0.72541344165802},"size":1963.3275146484375,"orthographic":false}